{
    "ordem": [
        "Empresa",
        "Cliente",
        "Entrega",
        "Fatura",
        "Lista",
        "Total"
    ],
    "coords": {
        "Empresa": {
            "x": 0.006289308176100629,
            "y": 0.18222222222222223,
            "w": 0.31446540880503143,
            "h": 0.08444444444444445
        },
        "Cliente": {
            "x": 0.6084905660377359,
            "y": 0.1811111111111111,
            "w": 0.29874213836477986,
            "h": 0.07888888888888888
        },
        "Entrega": {
            "x": 0.009433962264150943,
            "y": 0.2733333333333333,
            "w": 0.29245283018867924,
            "h": 0.08666666666666667
        },
        "Fatura": {
            "x": 0.6037735849056604,
            "y": 0.28444444444444444,
            "w": 0.29245283018867924,
            "h": 0.08777777777777777
        },
        "Lista": {
            "x": 0.0015723270440251573,
            "y": 0.41555555555555557,
            "w": 0.9889937106918238,
            "h": 0.44333333333333336
        },
        "Total": {
            "x": 0.7641509433962265,
            "y": 0.8822222222222222,
            "w": 0.22955974842767296,
            "h": 0.03222222222222222
        }
    }
}