{
    "primeira": {
        "empresa": {
            "x": 0.009433962264150943,
            "y": 0.18444444444444444,
            "w": 0.33962264150943394,
            "h": 0.09
        },
        "cliente": {
            "x": 0.6022012578616353,
            "y": 0.17888888888888888,
            "w": 0.3018867924528302,
            "h": 0.0811111111111111
        },
        "entrega": {
            "x": 0.006289308176100629,
            "y": 0.2777777777777778,
            "w": 0.3128930817610063,
            "h": 0.08222222222222222
        },
        "fatura": {
            "x": 0.6053459119496856,
            "y": 0.28888888888888886,
            "w": 0.30660377358490565,
            "h": 0.11222222222222222
        },
        "items": {
            "x": 0.0047169811320754715,
            "y": 0.4077777777777778,
            "w": 0.9827044025157232,
            "h": 0.4588888888888889
        },
        "transportar": {
            "x": 0.7877358490566038,
            "y": 0.8844444444444445,
            "w": 0.20754716981132076,
            "h": 0.03111111111111111
        }
    },
    "meio": {
        "n_pag": {
            "x": 0.7311320754716981,
            "y": 0.1322222222222222,
            "w": 0.0880503144654088,
            "h": 0.017777777777777778
        },
        "items": {
            "x": 0.006289308176100629,
            "y": 0.17666666666666667,
            "w": 0.9827044025157232,
            "h": 0.7122222222222222
        },
        "transportar": {
            "x": 0.7861635220125787,
            "y": 0.8911111111111111,
            "w": 0.21226415094339623,
            "h": 0.016666666666666666
        }
    },
    "ultima": {
        "n_pag": {
            "x": 0.7342767295597484,
            "y": 0.13,
            "w": 0.09748427672955975,
            "h": 0.03222222222222222
        },
        "mercadorias": {
            "x": 0.025157232704402517,
            "y": 0.8266666666666667,
            "w": 0.11320754716981132,
            "h": 0.03111111111111111
        },
        "peso": {
            "x": 0.6226415094339622,
            "y": 0.8255555555555556,
            "w": 0.11006289308176101,
            "h": 0.034444444444444444
        },
        "imposto": {
            "x": 0.7578616352201258,
            "y": 0.8277777777777777,
            "w": 0.08333333333333333,
            "h": 0.03222222222222222
        },
        "total": {
            "x": 0.8883647798742138,
            "y": 0.82,
            "w": 0.10377358490566038,
            "h": 0.03888888888888889
        }
    }
}